Name,Roll,Zip Code
Emon,1,7894
Upal,2,4577
Jasim,3,1123
Urbashi,4,1457
A,5,1791
B,6,2125
C,7,2459
A,8,2793
B,9,3127
C,10,3461
A,11,3795
B,12,4129
C,13,4463
A,14,4797
B,15,5131
C,16,5465
A,17,5799
B,18,6133
C,19,6467
A,20,6801
B,21,7135
C,22,7469
A,23,7803
B,24,8137
C,25,8471
Emon,26,8805
Upal,27,9139
Jasim,28,9473
Urbashi,29,9807
A,30,10141
B,31,10475
C,32,10809
A,33,11143
B,34,11477
C,35,11811
A,36,12145
B,37,12479
C,38,12813
A,39,13147
B,40,13481
C,41,13815
A,42,14149
B,43,14483
C,44,14817
A,45,15151
B,46,15485
C,47,15819
A,48,16153
B,49,16487
C,50,16821
Emon,51,17155
Upal,52,17489
Jasim,53,17823
Urbashi,54,18157
A,55,18491
B,56,18825
C,57,19159
A,58,19493
B,59,19827
C,60,20161
A,61,20495
B,62,20829
C,63,21163
A,64,21497
B,65,21831
C,66,22165
A,67,22499
B,68,22833
C,69,23167
A,70,23501
B,71,23835
C,72,24169
A,73,24503
B,74,24837
C,75,25171
Emon,76,25505
Upal,77,25839
Jasim,78,26173
Urbashi,79,26507
A,80,26841
B,81,27175
C,82,27509
A,83,27843
B,84,28177
C,85,28511
A,86,28845
B,87,29179
C,88,29513
A,89,29847
B,90,30181
C,91,30515
A,92,30849
B,93,31183
C,94,31517
A,95,31851
B,96,32185
C,97,32519
A,98,32853
B,99,33187
C,100,33521
Emon,101,33855
Upal,102,34189
Jasim,103,34523
Urbashi,104,34857
A,105,35191
B,106,35525
C,107,35859
A,108,36193
B,109,36527
C,110,36861
A,111,37195
B,112,37529
C,113,37863
A,114,38197
B,115,38531
C,116,38865
A,117,39199
B,118,39533
C,119,39867
A,120,40201
B,121,40535
C,122,40869
A,123,41203
B,124,41537
C,125,41871
Emon,126,42205
Upal,127,42539
Jasim,128,42873
Urbashi,129,43207
A,130,43541
B,131,43875
C,132,44209
A,133,44543
B,134,44877
C,135,45211
A,136,45545
B,137,45879
C,138,46213
A,139,46547
B,140,46881
C,141,47215
A,142,47549
B,143,47883
C,144,48217
A,145,48551
B,146,48885
C,147,49219
A,148,49553
B,149,49887
C,150,50221
Emon,151,50555
Upal,152,50889
Jasim,153,51223
Urbashi,154,51557
A,155,51891
B,156,52225
C,157,52559
A,158,52893
B,159,53227
C,160,53561
A,161,53895
B,162,54229
C,163,54563
A,164,54897
B,165,55231
C,166,55565
A,167,55899
B,168,56233
C,169,56567
A,170,56901
B,171,57235
C,172,57569
A,173,57903
B,174,58237
C,175,58571
Emon,176,58905
Upal,177,59239
Jasim,178,59573
Urbashi,179,59907
A,180,60241
B,181,60575
C,182,60909
A,183,61243
B,184,61577
C,185,61911
A,186,62245
B,187,62579
C,188,62913
A,189,63247
B,190,63581
C,191,63915
A,192,64249
B,193,64583
C,194,64917
A,195,65251
B,196,65585
C,197,65919
A,198,66253
B,199,66587
C,200,66921
Emon,201,67255
Upal,202,67589
Jasim,203,67923
Urbashi,204,68257
A,205,68591
B,206,68925
C,207,69259
A,208,69593
B,209,69927
C,210,70261
A,211,70595
B,212,70929
C,213,71263
A,214,71597
B,215,71931
C,216,72265
A,217,72599
B,218,72933
C,219,73267
A,220,73601
B,221,73935
C,222,74269
A,223,74603
B,224,74937
C,225,75271
Emon,226,75605
Upal,227,75939
Jasim,228,76273
Urbashi,229,76607
A,230,76941
B,231,77275
C,232,77609
A,233,77943
B,234,78277
C,235,78611
A,236,78945
B,237,79279
C,238,79613
A,239,79947
B,240,80281
C,241,80615
A,242,80949
B,243,81283
C,244,81617
A,245,81951
B,246,82285
C,247,82619
A,248,82953
B,249,83287
C,250,83621
Emon,251,83955
Upal,252,84289
Jasim,253,84623
Urbashi,254,84957
A,255,85291
B,256,85625
C,257,85959
A,258,86293
B,259,86627
C,260,86961
A,261,87295
B,262,87629
C,263,87963
A,264,88297
B,265,88631
C,266,88965
A,267,89299
B,268,89633
C,269,89967
A,270,90301
B,271,90635
C,272,90969
A,273,91303
B,274,91637
C,275,91971
Emon,276,92305
Upal,277,92639
Jasim,278,92973
Urbashi,279,93307
A,280,93641
B,281,93975
C,282,94309
A,283,94643
B,284,94977
C,285,95311
A,286,95645
B,287,95979
C,288,96313
A,289,96647
B,290,96981
C,291,97315
A,292,97649
B,293,97983
C,294,98317
A,295,98651
B,296,98985
C,297,99319
A,298,99653
B,299,99987
C,300,100321
Emon,301,100655
Upal,302,100989
Jasim,303,101323
Urbashi,304,101657
A,305,101991
B,306,102325
C,307,102659
A,308,102993
B,309,103327
C,310,103661
A,311,103995
B,312,104329
C,313,104663
A,314,104997
B,315,105331
C,316,105665
A,317,105999
B,318,106333
C,319,106667
A,320,107001
B,321,107335
C,322,107669
A,323,108003
B,324,108337
C,325,108671
Emon,326,109005
Upal,327,109339
Jasim,328,109673
Urbashi,329,110007
A,330,110341
B,331,110675
C,332,111009
A,333,111343
B,334,111677
C,335,112011
A,336,112345
B,337,112679
C,338,113013
A,339,113347
B,340,113681
C,341,114015
A,342,114349
B,343,114683
C,344,115017
A,345,115351
B,346,115685
C,347,116019
A,348,116353
B,349,116687
C,350,117021
Emon,351,117355
Upal,352,117689
Jasim,353,118023
Urbashi,354,118357
A,355,118691
B,356,119025
C,357,119359
A,358,119693
B,359,120027
C,360,120361
A,361,120695
B,362,121029
C,363,121363
A,364,121697
B,365,122031
C,366,122365
A,367,122699
B,368,123033
C,369,123367
A,370,123701
B,371,124035
C,372,124369
A,373,124703
B,374,125037
C,375,125371
Emon,376,125705
Upal,377,126039
Jasim,378,126373
Urbashi,379,126707
A,380,127041
B,381,127375
C,382,127709
A,383,128043
B,384,128377
C,385,128711
A,386,129045
B,387,129379
C,388,129713
A,389,130047
B,390,130381
C,391,130715
A,392,131049
B,393,131383
C,394,131717
A,395,132051
B,396,132385
C,397,132719
A,398,133053
B,399,133387
C,400,133721
Emon,401,134055
Upal,402,134389
Jasim,403,134723
Urbashi,404,135057
A,405,135391
B,406,135725
C,407,136059
A,408,136393
B,409,136727
C,410,137061
A,411,137395
B,412,137729
C,413,138063
A,414,138397
B,415,138731
C,416,139065
A,417,139399
B,418,139733
C,419,140067
A,420,140401
B,421,140735
C,422,141069
A,423,141403
B,424,141737
C,425,142071
Emon,426,142405
Upal,427,142739
Jasim,428,143073
Urbashi,429,143407
A,430,143741
B,431,144075
C,432,144409
A,433,144743
B,434,145077
C,435,145411
A,436,145745
B,437,146079
C,438,146413
A,439,146747
B,440,147081
C,441,147415
A,442,147749
B,443,148083
C,444,148417
A,445,148751
B,446,149085
C,447,149419
A,448,149753
B,449,150087
C,450,150421
Emon,451,150755
Upal,452,151089
Jasim,453,151423
Urbashi,454,151757
A,455,152091
B,456,152425
C,457,152759
A,458,153093
B,459,153427
C,460,153761
A,461,154095
B,462,154429
C,463,154763
A,464,155097
B,465,155431
C,466,155765
A,467,156099
B,468,156433
C,469,156767
A,470,157101
B,471,157435
C,472,157769
A,473,158103
B,474,158437
C,475,158771
Emon,476,159105
Upal,477,159439
Jasim,478,159773
Urbashi,479,160107
A,480,160441
B,481,160775
C,482,161109
A,483,161443
B,484,161777
C,485,162111
A,486,162445
B,487,162779
C,488,163113
A,489,163447
B,490,163781
C,491,164115
A,492,164449
B,493,164783
C,494,165117
A,495,165451
B,496,165785
C,497,166119
A,498,166453
B,499,166787
C,500,167121
Emon,501,167455
Upal,502,167789
Jasim,503,168123
Urbashi,504,168457
A,505,168791
B,506,169125
C,507,169459
A,508,169793
B,509,170127
C,510,170461
A,511,170795
B,512,171129
C,513,171463
A,514,171797
B,515,172131
C,516,172465
A,517,172799
B,518,173133
C,519,173467
A,520,173801
B,521,174135
C,522,174469
A,523,174803
B,524,175137
C,525,175471
Emon,526,175805
Upal,527,176139
Jasim,528,176473
Urbashi,529,176807
A,530,177141
B,531,177475
C,532,177809
A,533,178143
B,534,178477
C,535,178811
A,536,179145
B,537,179479
C,538,179813
A,539,180147
B,540,180481
C,541,180815
A,542,181149
B,543,181483
C,544,181817
A,545,182151
B,546,182485
C,547,182819
A,548,183153
B,549,183487
C,550,183821
Emon,551,184155
Upal,552,184489
Jasim,553,184823
Urbashi,554,185157
A,555,185491
B,556,185825
C,557,186159
A,558,186493
B,559,186827
C,560,187161
A,561,187495
B,562,187829
C,563,188163
A,564,188497
B,565,188831
C,566,189165
A,567,189499
B,568,189833
C,569,190167
A,570,190501
B,571,190835
C,572,191169
A,573,191503
B,574,191837
C,575,192171
Emon,576,192505
Upal,577,192839
Jasim,578,193173
Urbashi,579,193507
A,580,193841
B,581,194175
C,582,194509
A,583,194843
B,584,195177
C,585,195511
A,586,195845
B,587,196179
C,588,196513
A,589,196847
B,590,197181
C,591,197515
A,592,197849
B,593,198183
C,594,198517
A,595,198851
B,596,199185
C,597,199519
A,598,199853
B,599,200187
C,600,200521
Emon,601,200855
Upal,602,201189
Jasim,603,201523
Urbashi,604,201857
A,605,202191
B,606,202525
C,607,202859
A,608,203193
B,609,203527
C,610,203861
A,611,204195
B,612,204529
C,613,204863
A,614,205197
B,615,205531
C,616,205865
A,617,206199
B,618,206533
C,619,206867
A,620,207201
B,621,207535
C,622,207869
A,623,208203
B,624,208537
C,625,208871
Emon,626,209205
Upal,627,209539
Jasim,628,209873
Urbashi,629,210207
A,630,210541
B,631,210875
C,632,211209
A,633,211543
B,634,211877
C,635,212211
A,636,212545
B,637,212879
C,638,213213
A,639,213547
B,640,213881
C,641,214215
A,642,214549
B,643,214883
C,644,215217
A,645,215551
B,646,215885
C,647,216219
A,648,216553
B,649,216887
C,650,217221
Emon,651,217555
Upal,652,217889
Jasim,653,218223
Urbashi,654,218557
A,655,218891
B,656,219225
C,657,219559
A,658,219893
B,659,220227
C,660,220561
A,661,220895
B,662,221229
C,663,221563
A,664,221897
B,665,222231
C,666,222565
A,667,222899
B,668,223233
C,669,223567
A,670,223901
B,671,224235
C,672,224569
A,673,224903
B,674,225237
C,675,225571
Emon,676,225905
Upal,677,226239
Jasim,678,226573
Urbashi,679,226907
A,680,227241
B,681,227575
C,682,227909
A,683,228243
B,684,228577
C,685,228911
A,686,229245
B,687,229579
C,688,229913
A,689,230247
B,690,230581
C,691,230915
A,692,231249
B,693,231583
C,694,231917
A,695,232251
B,696,232585
C,697,232919
A,698,233253
B,699,233587
C,700,233921
Emon,701,234255
Upal,702,234589
Jasim,703,234923
Urbashi,704,235257
A,705,235591
B,706,235925
C,707,236259
A,708,236593
B,709,236927
C,710,237261
A,711,237595
B,712,237929
C,713,238263
A,714,238597
B,715,238931
C,716,239265
A,717,239599
B,718,239933
C,719,240267
A,720,240601
B,721,240935
C,722,241269
A,723,241603
B,724,241937
C,725,242271
Emon,726,242605
Upal,727,242939
Jasim,728,243273
Urbashi,729,243607
A,730,243941
B,731,244275
C,732,244609
A,733,244943
B,734,245277
C,735,245611
A,736,245945
B,737,246279
C,738,246613
A,739,246947
B,740,247281
C,741,247615
A,742,247949
B,743,248283
C,744,248617
A,745,248951
B,746,249285
C,747,249619
A,748,249953
B,749,250287
C,750,250621
Emon,751,250955
Upal,752,251289
Jasim,753,251623
Urbashi,754,251957
A,755,252291
B,756,252625
C,757,252959
A,758,253293
B,759,253627
C,760,253961
A,761,254295
B,762,254629
C,763,254963
A,764,255297
B,765,255631
C,766,255965
A,767,256299
B,768,256633
C,769,256967
A,770,257301
B,771,257635
C,772,257969
A,773,258303
B,774,258637
C,775,258971
Emon,776,259305
Upal,777,259639
Jasim,778,259973
Urbashi,779,260307
A,780,260641
B,781,260975
C,782,261309
A,783,261643
B,784,261977
C,785,262311
A,786,262645
B,787,262979
C,788,263313
A,789,263647
B,790,263981
C,791,264315
A,792,264649
B,793,264983
C,794,265317
A,795,265651
B,796,265985
C,797,266319
A,798,266653
B,799,266987
C,800,267321
Emon,801,267655
Upal,802,267989
Jasim,803,268323
Urbashi,804,268657
A,805,268991
B,806,269325
C,807,269659
A,808,269993
B,809,270327
C,810,270661
A,811,270995
B,812,271329
C,813,271663
A,814,271997
B,815,272331
C,816,272665
A,817,272999
B,818,273333
C,819,273667
A,820,274001
B,821,274335
C,822,274669
A,823,275003
B,824,275337
C,825,275671
Emon,826,276005
Upal,827,276339
Jasim,828,276673
Urbashi,829,277007
A,830,277341
B,831,277675
C,832,278009
A,833,278343
B,834,278677
C,835,279011
A,836,279345
B,837,279679
C,838,280013
A,839,280347
B,840,280681
C,841,281015
A,842,281349
B,843,281683
C,844,282017
A,845,282351
B,846,282685
C,847,283019
A,848,283353
B,849,283687
C,850,284021
Emon,851,284355
Upal,852,284689
Jasim,853,285023
Urbashi,854,285357
A,855,285691
B,856,286025
C,857,286359
A,858,286693
B,859,287027
C,860,287361
A,861,287695
B,862,288029
C,863,288363
A,864,288697
B,865,289031
C,866,289365
A,867,289699
B,868,290033
C,869,290367
A,870,290701
B,871,291035
C,872,291369
A,873,291703
B,874,292037
C,875,292371
Emon,876,292705
Upal,877,293039
Jasim,878,293373
Urbashi,879,293707
A,880,294041
B,881,294375
C,882,294709
A,883,295043
B,884,295377
C,885,295711
A,886,296045
B,887,296379
C,888,296713
A,889,297047
B,890,297381
C,891,297715
A,892,298049
B,893,298383
C,894,298717
A,895,299051
B,896,299385
C,897,299719
A,898,300053
B,899,300387
C,900,300721
Emon,901,301055
Upal,902,301389
Jasim,903,301723
Urbashi,904,302057
A,905,302391
B,906,302725
C,907,303059
A,908,303393
B,909,303727
C,910,304061
A,911,304395
B,912,304729
C,913,305063
A,914,305397
B,915,305731
C,916,306065
A,917,306399
B,918,306733
C,919,307067
A,920,307401
B,921,307735
C,922,308069
A,923,308403
B,924,308737
C,925,309071
Emon,926,309405
Upal,927,309739
Jasim,928,310073
Urbashi,929,310407
A,930,310741
B,931,311075
C,932,311409
A,933,311743
B,934,312077
C,935,312411
A,936,312745
B,937,313079
C,938,313413
A,939,313747
B,940,314081
C,941,314415
A,942,314749
B,943,315083
C,944,315417
A,945,315751
B,946,316085
C,947,316419
A,948,316753
B,949,317087
C,950,317421
Emon,951,317755
Upal,952,318089
Jasim,953,318423
Urbashi,954,318757
A,955,319091
B,956,319425
C,957,319759
A,958,320093
B,959,320427
C,960,320761
A,961,321095
B,962,321429
C,963,321763
A,964,322097
B,965,322431
C,966,322765
A,967,323099
B,968,323433
C,969,323767
A,970,324101
B,971,324435
C,972,324769
A,973,325103
B,974,325437
C,975,325771
Emon,976,326105
Upal,977,326439
Jasim,978,326773
Urbashi,979,327107
A,980,327441
B,981,327775
C,982,328109
A,983,328443
B,984,328777
C,985,329111
A,986,329445
B,987,329779
C,988,330113
A,989,330447
B,990,330781
C,991,331115
A,992,331449
B,993,331783
C,994,332117
A,995,332451
B,996,332785
C,997,333119
A,998,333453
B,999,333787
C,1000,334121
Emon,1001,334455
Upal,1002,334789
Jasim,1003,335123
Urbashi,1004,335457
A,1005,335791
B,1006,336125
C,1007,336459
A,1008,336793
B,1009,337127
C,1010,337461
A,1011,337795
B,1012,338129
C,1013,338463
A,1014,338797
B,1015,339131
C,1016,339465
A,1017,339799
B,1018,340133
C,1019,340467
A,1020,340801
B,1021,341135
C,1022,341469
A,1023,341803
B,1024,342137
C,1025,342471
Emon,1026,342805
Upal,1027,343139
Jasim,1028,343473
Urbashi,1029,343807
A,1030,344141
B,1031,344475
C,1032,344809
A,1033,345143
B,1034,345477
C,1035,345811
A,1036,346145
B,1037,346479
C,1038,346813
A,1039,347147
B,1040,347481
C,1041,347815
A,1042,348149
B,1043,348483
C,1044,348817
A,1045,349151
B,1046,349485
C,1047,349819
A,1048,350153
B,1049,350487
C,1050,350821
Emon,1051,351155
Upal,1052,351489
Jasim,1053,351823
Urbashi,1054,352157
A,1055,352491
B,1056,352825
C,1057,353159
A,1058,353493
B,1059,353827
C,1060,354161
A,1061,354495
B,1062,354829
C,1063,355163
A,1064,355497
B,1065,355831
C,1066,356165
A,1067,356499
B,1068,356833
C,1069,357167
A,1070,357501
B,1071,357835
C,1072,358169
A,1073,358503
B,1074,358837
C,1075,359171
Emon,1076,359505
Upal,1077,359839
Jasim,1078,360173
Urbashi,1079,360507
A,1080,360841
B,1081,361175
C,1082,361509
A,1083,361843
B,1084,362177
C,1085,362511
A,1086,362845
B,1087,363179
C,1088,363513
A,1089,363847
B,1090,364181
C,1091,364515
A,1092,364849
B,1093,365183
C,1094,365517
A,1095,365851
B,1096,366185
C,1097,366519
A,1098,366853
B,1099,367187
C,1100,367521
Emon,1101,367855
Upal,1102,368189
Jasim,1103,368523
Urbashi,1104,368857
A,1105,369191
B,1106,369525
C,1107,369859
A,1108,370193
B,1109,370527
C,1110,370861
A,1111,371195
B,1112,371529
C,1113,371863
A,1114,372197
B,1115,372531
C,1116,372865
A,1117,373199
B,1118,373533
C,1119,373867
A,1120,374201
B,1121,374535
C,1122,374869
A,1123,375203
B,1124,375537
C,1125,375871
Emon,1126,376205
Upal,1127,376539
Jasim,1128,376873
Urbashi,1129,377207
A,1130,377541
B,1131,377875
C,1132,378209
A,1133,378543
B,1134,378877
C,1135,379211
A,1136,379545
B,1137,379879
C,1138,380213
A,1139,380547
B,1140,380881
C,1141,381215
A,1142,381549
B,1143,381883
C,1144,382217
A,1145,382551
B,1146,382885
C,1147,383219
A,1148,383553
B,1149,383887
C,1150,384221
Emon,1151,384555
Upal,1152,384889
Jasim,1153,385223
Urbashi,1154,385557
A,1155,385891
B,1156,386225
C,1157,386559
A,1158,386893
B,1159,387227
C,1160,387561
A,1161,387895
B,1162,388229
C,1163,388563
A,1164,388897
B,1165,389231
C,1166,389565
A,1167,389899
B,1168,390233
C,1169,390567
A,1170,390901
B,1171,391235
C,1172,391569
A,1173,391903
B,1174,392237
C,1175,392571
Emon,1176,392905
Upal,1177,393239
Jasim,1178,393573
Urbashi,1179,393907
A,1180,394241
B,1181,394575
C,1182,394909
A,1183,395243
B,1184,395577
C,1185,395911
A,1186,396245
B,1187,396579
C,1188,396913
A,1189,397247
B,1190,397581
C,1191,397915
A,1192,398249
B,1193,398583
C,1194,398917
A,1195,399251
B,1196,399585
C,1197,399919
A,1198,400253
B,1199,400587
C,1200,400921
Emon,1201,401255
Upal,1202,401589
Jasim,1203,401923
Urbashi,1204,402257
A,1205,402591
B,1206,402925
C,1207,403259
A,1208,403593
B,1209,403927
C,1210,404261
A,1211,404595
B,1212,404929
C,1213,405263
A,1214,405597
B,1215,405931
C,1216,406265
A,1217,406599
B,1218,406933
C,1219,407267
A,1220,407601
B,1221,407935
C,1222,408269
A,1223,408603
B,1224,408937
C,1225,409271
Emon,1226,409605
Upal,1227,409939
Jasim,1228,410273
Urbashi,1229,410607
A,1230,410941
B,1231,411275
C,1232,411609
A,1233,411943
B,1234,412277
C,1235,412611
A,1236,412945
B,1237,413279
C,1238,413613
A,1239,413947
B,1240,414281
C,1241,414615
A,1242,414949
B,1243,415283
C,1244,415617
A,1245,415951
B,1246,416285
C,1247,416619
A,1248,416953
B,1249,417287
C,1250,417621
Emon,1251,417955
Upal,1252,418289
Jasim,1253,418623
Urbashi,1254,418957
A,1255,419291
B,1256,419625
C,1257,419959
A,1258,420293
B,1259,420627
C,1260,420961
A,1261,421295
B,1262,421629
C,1263,421963
A,1264,422297
B,1265,422631
C,1266,422965
A,1267,423299
B,1268,423633
C,1269,423967
A,1270,424301
B,1271,424635
C,1272,424969
A,1273,425303
B,1274,425637
C,1275,425971
Emon,1276,426305
Upal,1277,426639
Jasim,1278,426973
Urbashi,1279,427307
A,1280,427641
B,1281,427975
C,1282,428309
A,1283,428643
B,1284,428977
C,1285,429311
A,1286,429645
B,1287,429979
C,1288,430313
A,1289,430647
B,1290,430981
C,1291,431315
A,1292,431649
B,1293,431983
C,1294,432317
A,1295,432651
B,1296,432985
C,1297,433319
A,1298,433653
B,1299,433987
C,1300,434321
Emon,1301,434655
Upal,1302,434989
Jasim,1303,435323
Urbashi,1304,435657
A,1305,435991
B,1306,436325
C,1307,436659
A,1308,436993
B,1309,437327
C,1310,437661
A,1311,437995
B,1312,438329
C,1313,438663
A,1314,438997
B,1315,439331
C,1316,439665
A,1317,439999
B,1318,440333
C,1319,440667
A,1320,441001
B,1321,441335
C,1322,441669
A,1323,442003
B,1324,442337
C,1325,442671
Emon,1326,443005
Upal,1327,443339
Jasim,1328,443673
Urbashi,1329,444007
A,1330,444341
B,1331,444675
C,1332,445009
A,1333,445343
B,1334,445677
C,1335,446011
A,1336,446345
B,1337,446679
C,1338,447013
A,1339,447347
B,1340,447681
C,1341,448015
A,1342,448349
B,1343,448683
C,1344,449017
A,1345,449351
B,1346,449685
C,1347,450019
A,1348,450353
B,1349,450687
C,1350,451021
Emon,1351,451355
Upal,1352,451689
Jasim,1353,452023
Urbashi,1354,452357
A,1355,452691
B,1356,453025
C,1357,453359
A,1358,453693
B,1359,454027
C,1360,454361
A,1361,454695
B,1362,455029
C,1363,455363
A,1364,455697
B,1365,456031
C,1366,456365
A,1367,456699
B,1368,457033
C,1369,457367
A,1370,457701
B,1371,458035
C,1372,458369
A,1373,458703
B,1374,459037
C,1375,459371
Emon,1376,459705
Upal,1377,460039
Jasim,1378,460373
Urbashi,1379,460707
A,1380,461041
B,1381,461375
C,1382,461709
A,1383,462043
B,1384,462377
C,1385,462711
A,1386,463045
B,1387,463379
C,1388,463713
A,1389,464047
B,1390,464381
C,1391,464715
A,1392,465049
B,1393,465383
C,1394,465717
A,1395,466051
B,1396,466385
C,1397,466719
A,1398,467053
B,1399,467387
C,1400,467721
Emon,1401,468055
Upal,1402,468389
Jasim,1403,468723
Urbashi,1404,469057
A,1405,469391
B,1406,469725
C,1407,470059
A,1408,470393
B,1409,470727
C,1410,471061
A,1411,471395
B,1412,471729
C,1413,472063
A,1414,472397
B,1415,472731
C,1416,473065
A,1417,473399
B,1418,473733
C,1419,474067
A,1420,474401
B,1421,474735
C,1422,475069
A,1423,475403
B,1424,475737
C,1425,476071
Emon,1426,476405
Upal,1427,476739
Jasim,1428,477073
Urbashi,1429,477407
A,1430,477741
B,1431,478075
C,1432,478409
A,1433,478743
B,1434,479077
C,1435,479411
A,1436,479745
B,1437,480079
C,1438,480413
A,1439,480747
B,1440,481081
C,1441,481415
A,1442,481749
B,1443,482083
C,1444,482417
A,1445,482751
B,1446,483085
C,1447,483419
A,1448,483753
B,1449,484087
C,1450,484421
Emon,1451,484755
Upal,1452,485089
Jasim,1453,485423
Urbashi,1454,485757
A,1455,486091
B,1456,486425
C,1457,486759
A,1458,487093
B,1459,487427
C,1460,487761
A,1461,488095
B,1462,488429
C,1463,488763
A,1464,489097
B,1465,489431
C,1466,489765
A,1467,490099
B,1468,490433
C,1469,490767
A,1470,491101
B,1471,491435
C,1472,491769
A,1473,492103
B,1474,492437
C,1475,492771
Emon,1476,493105
Upal,1477,493439
Jasim,1478,493773
Urbashi,1479,494107
A,1480,494441
B,1481,494775
C,1482,495109
A,1483,495443
B,1484,495777
C,1485,496111
A,1486,496445
B,1487,496779
C,1488,497113
A,1489,497447
B,1490,497781
C,1491,498115
A,1492,498449
B,1493,498783
C,1494,499117
A,1495,499451
B,1496,499785
C,1497,500119
A,1498,500453
B,1499,500787
C,1500,501121
Emon,1501,501455
Upal,1502,501789
Jasim,1503,502123
Urbashi,1504,502457
A,1505,502791
B,1506,503125
C,1507,503459
A,1508,503793
B,1509,504127
C,1510,504461
A,1511,504795
B,1512,505129
C,1513,505463
A,1514,505797
B,1515,506131
C,1516,506465
A,1517,506799
B,1518,507133
C,1519,507467
A,1520,507801
B,1521,508135
C,1522,508469
A,1523,508803
B,1524,509137
C,1525,509471
Emon,1526,509805
Upal,1527,510139
Jasim,1528,510473
Urbashi,1529,510807
A,1530,511141
B,1531,511475
C,1532,511809
A,1533,512143
B,1534,512477
C,1535,512811
A,1536,513145
B,1537,513479
C,1538,513813
A,1539,514147
B,1540,514481
C,1541,514815
A,1542,515149
B,1543,515483
C,1544,515817
A,1545,516151
B,1546,516485
C,1547,516819
A,1548,517153
B,1549,517487
C,1550,517821
Emon,1551,518155
Upal,1552,518489
Jasim,1553,518823
Urbashi,1554,519157
A,1555,519491
B,1556,519825
C,1557,520159
A,1558,520493
B,1559,520827
C,1560,521161
A,1561,521495
B,1562,521829
C,1563,522163
A,1564,522497
B,1565,522831
C,1566,523165
A,1567,523499
B,1568,523833
C,1569,524167
A,1570,524501
B,1571,524835
C,1572,525169
A,1573,525503
B,1574,525837
C,1575,526171
Emon,1576,526505
Upal,1577,526839
Jasim,1578,527173
Urbashi,1579,527507
A,1580,527841
B,1581,528175
C,1582,528509
A,1583,528843
B,1584,529177
C,1585,529511
A,1586,529845
B,1587,530179
C,1588,530513
A,1589,530847
B,1590,531181
C,1591,531515
A,1592,531849
B,1593,532183
C,1594,532517
A,1595,532851
B,1596,533185
C,1597,533519
A,1598,533853
B,1599,534187
C,1600,534521
Emon,1601,534855
Upal,1602,535189
Jasim,1603,535523
Urbashi,1604,535857
A,1605,536191
B,1606,536525
C,1607,536859
A,1608,537193
B,1609,537527
C,1610,537861
A,1611,538195
B,1612,538529
C,1613,538863
A,1614,539197
B,1615,539531
C,1616,539865
A,1617,540199
B,1618,540533
C,1619,540867
A,1620,541201
B,1621,541535
C,1622,541869
A,1623,542203
B,1624,542537
C,1625,542871
Emon,1626,543205
Upal,1627,543539
Jasim,1628,543873
Urbashi,1629,544207
A,1630,544541
B,1631,544875
C,1632,545209
A,1633,545543
B,1634,545877
C,1635,546211
A,1636,546545
B,1637,546879
C,1638,547213
A,1639,547547
B,1640,547881
C,1641,548215
A,1642,548549
B,1643,548883
C,1644,549217
A,1645,549551
B,1646,549885
C,1647,550219
A,1648,550553
B,1649,550887
C,1650,551221
Emon,1651,551555
Upal,1652,551889
Jasim,1653,552223
Urbashi,1654,552557
A,1655,552891
B,1656,553225
C,1657,553559
A,1658,553893
B,1659,554227
C,1660,554561
A,1661,554895
B,1662,555229
C,1663,555563
A,1664,555897
B,1665,556231
C,1666,556565
A,1667,556899
B,1668,557233
C,1669,557567
A,1670,557901
B,1671,558235
C,1672,558569
A,1673,558903
B,1674,559237
C,1675,559571
Emon,1676,559905
Upal,1677,560239
Jasim,1678,560573
Urbashi,1679,560907
